<?xml version="1.0" encoding="UTF-8"?>
<addon id="plugin.program.webbrowser" name="Internet Explorer" version="1.0.1" provider-name="Toyota12303">
    <extension point="xbmc.python.pluginsource" library="default.py">
        <provides>executable</provides>
    </extension>
    <extension point="xbmc.addon.metadata">
        <platform>all</platform>
        <summary lang="en">A simple WebBrowser</summary>
        <summary lang="de">Ein einfacher WebBrowser</summary>
        <language></language>
        <description lang="en">A simple WebBrowser</description>
        <description lang="de">Ein einfacher WebBrowser</description>
        <website></website>
        <source>www.boomi5.wix.com/toyota12303</source>
        <forum>www.boomi5.wix.com/toyota12303</forum>
        <email>user284695569 at gmail dot com</email>
    </extension>
</addon>
